Symbol,Close,Volume,ADX,RSI,HV,Trend_Score,Stability_Score,Vol_Score,Status,Stability,Confidence,StopLoss_L,StopLoss_H,Target_Put,Target_Call,Passed
HINDCOPPER,407.8,47327061,35.93,72.94,49.63,28.14,0.0,82.39,Trending,Volatile,27.73,387.41,428.19,375.18,440.42,False
JWL,335.9,49027653,43.89,71.98,77.36,12.23,0.0,100.0,Trending,Volatile,24.89,319.1,352.7,309.03,362.77,False
JBMA,577.95,35985695,31.92,44.44,47.72,36.15,72.22,79.22,Trending,Stable,59.19,549.05,606.85,531.71,624.19,False
GROWW,160.82,156138198,18.14,61.62,53.91,63.72,41.92,89.49,Sideways,Volatile,60.15,152.78,168.86,147.95,173.69,False
VIPIND,365.6,38239726,43.54,49.11,49.37,12.92,95.57,81.96,Trending,Stable,59.79,347.32,383.88,336.35,394.85,False
SILVERBEES,201.79,61726800,52.64,87.28,29.47,0.0,0.0,48.93,Trending,Volatile,9.79,191.7,211.88,185.65,217.93,False
SHRIRAMFIN,957.8,10574513,38.93,80.64,28.72,22.13,0.0,47.67,Trending,Volatile,18.39,909.91,1005.69,881.18,1034.42,False
VEDL,586.4,15686960,33.79,77.12,21.78,32.41,0.0,36.16,Trending,Volatile,20.2,557.08,615.72,539.49,633.31,False
CASTROLIND,185.93,46447634,28.8,42.44,12.12,42.41,62.22,20.12,Trending,Stable,45.88,176.63,195.23,171.06,200.8,False
SANDUMA,227.3,36036478,18.38,63.92,46.73,63.25,30.38,77.57,Sideways,Volatile,52.96,215.94,238.67,209.12,245.48,False
HINDZINC,609.8,13964315,49.16,83.08,32.96,1.67,0.0,54.71,Trending,Volatile,11.61,579.31,640.29,561.02,658.58,False
TMCV,426.1,19626872,48.58,84.8,38.19,2.84,0.0,63.39,Trending,Volatile,13.81,404.8,447.4,392.01,460.19,False
MANAPPURAM,294.8,24308241,29.78,65.18,30.42,40.44,24.09,50.5,Trending,Volatile,35.91,280.06,309.54,271.22,318.38,False
IDEA,12.01,1,31.12,69.25,41.06,37.76,3.77,68.16,Trending,Volatile,30.24,11.41,12.61,11.05,12.97,False
COALINDIA,400.4,17624423,27.29,71.84,15.13,45.41,0.0,25.11,Trending,Volatile,23.19,380.38,420.42,368.37,432.43,False
BELRISE,168.23,39732761,18.54,54.13,45.4,62.92,79.33,75.36,Sideways,Stable,71.97,159.82,176.64,154.77,181.69,True
VIKRAN,86.65,66381285,30.62,33.42,56.0,38.76,17.08,92.96,Trending,Volatile,40.93,82.32,90.98,79.72,93.58,False
QUADFUTURE,358.15,16062048,28.42,71.82,87.79,43.15,0.0,100.0,Trending,Volatile,37.26,340.24,376.06,329.5,386.8,False
GOLDBEES,113.1,47649347,35.67,75.48,15.18,28.66,0.0,25.21,Trending,Volatile,16.5,107.44,118.76,104.05,122.15,False
RVNL,341.85,12510973,20.97,69.92,27.58,58.05,0.4,45.78,Sideways,Volatile,32.54,324.76,358.94,314.5,369.2,False
SBIN,971.9,4105643,27.46,53.72,15.19,45.08,81.39,25.22,Trending,Stable,55.63,923.3,1020.5,894.15,1049.65,False
TATACAP,344.0,11070026,23.71,73.95,19.16,52.57,0.0,31.81,Sideways,Volatile,27.39,326.8,361.2,316.48,371.52,False
GMDCLTD,527.9,7018893,14.78,50.61,46.86,70.44,96.95,77.79,Sideways,Stable,82.51,501.5,554.29,485.67,570.13,True
NATIONALUM,290.15,12921219,36.27,74.82,26.2,27.47,0.0,43.48,Trending,Volatile,19.68,275.64,304.66,266.94,313.36,False
ETERNAL,284.35,12973814,42.26,38.14,28.12,15.49,40.69,46.68,Trending,Volatile,31.81,270.13,298.57,261.6,307.1,False
INDUSTOWER,414.35,8149917,36.88,59.98,22.52,26.24,50.12,37.39,Trending,Stable,38.02,393.63,435.07,381.2,447.5,False
SILVERIETF,210.38,15746609,65.95,87.9,28.14,0.0,0.0,46.71,Trending,Volatile,9.34,199.86,220.9,193.55,227.21,False
IRFC,121.4,27580407,34.63,64.17,25.29,30.74,29.14,41.98,Trending,Volatile,32.35,115.33,127.47,111.69,131.11,False
TMPV,363.25,9212351,47.5,53.56,16.83,5.0,82.2,27.94,Trending,Stable,40.47,345.09,381.41,334.19,392.31,False
BEL,399.4,8097208,31.87,48.79,24.57,36.27,93.97,40.79,Trending,Stable,60.26,379.43,419.37,367.45,431.35,False
HINDALCO,863.85,3683590,23.5,65.93,17.25,53.01,20.37,28.63,Sideways,Volatile,35.08,820.66,907.04,794.74,932.96,False
IIFL,572.75,5216175,15.57,57.16,27.58,68.86,64.21,45.79,Sideways,Stable,62.39,544.11,601.39,526.93,618.57,True
RPOWER,36.28,79204456,19.7,44.99,56.97,60.59,74.93,94.56,Sideways,Stable,73.12,34.47,38.09,33.38,39.18,True
TATASTEEL,170.9,17430406,18.1,52.85,20.97,63.8,85.74,34.8,Sideways,Stable,66.78,162.35,179.45,157.23,184.57,True
UPL,781.0,3570117,18.28,65.9,21.9,63.44,20.48,36.35,Sideways,Volatile,40.84,741.95,820.05,718.52,843.48,False
PNBHOUSING,932.85,2832626,17.79,57.09,32.04,64.43,64.53,53.19,Sideways,Stable,62.22,886.21,979.49,858.22,1007.48,True
SHREEJISPG,320.9,7875247,38.76,51.19,45.66,22.49,94.05,75.79,Trending,Stable,61.77,304.85,336.94,295.23,346.57,False
TITAGARH,837.05,3098632,28.74,58.4,30.31,42.53,57.98,50.31,Trending,Stable,50.26,795.2,878.9,770.09,904.01,False
ATHERENERG,706.35,3430861,15.38,58.39,41.15,69.23,58.07,68.31,Sideways,Stable,64.58,671.03,741.67,649.84,762.86,True
CANBK,150.22,16461725,19.53,59.11,25.88,60.93,54.44,42.96,Sideways,Stable,54.74,142.71,157.73,138.2,162.24,True
SUZLON,53.62,44076962,20.98,50.59,22.98,58.03,97.06,38.14,Sideways,Stable,69.67,50.94,56.3,49.33,57.91,True
TATSILV,20.51,111739591,68.3,87.64,29.46,0.0,0.0,48.9,Trending,Volatile,9.78,19.48,21.54,18.87,22.15,False
ITC,407.35,5777430,21.68,57.19,8.07,56.63,64.06,13.39,Sideways,Stable,50.96,386.98,427.72,374.76,439.94,True
KNRCON,159.73,13837544,34.72,54.33,50.21,30.57,78.37,83.34,Trending,Stable,60.24,151.74,167.72,146.95,172.51,False
CUPID,469.0,4926446,59.17,90.1,29.87,0.0,0.0,49.59,Trending,Volatile,9.92,445.55,492.45,431.48,506.52,False
LIQUIDCASE,111.96,20447812,76.55,100.0,0.18,0.0,0.0,0.3,Trending,Volatile,0.06,106.36,117.56,103.0,120.92,False
NMDC,81.53,27923038,17.35,70.23,25.16,65.29,0.0,41.76,Sideways,Volatile,34.47,77.45,85.61,75.01,88.05,False
GRANULES,614.8,3335314,20.26,73.34,23.81,59.48,0.0,39.53,Sideways,Volatile,31.7,584.06,645.54,565.62,663.98,False
APOLLO,262.25,7759584,30.96,54.94,53.71,38.09,75.28,89.17,Trending,Stable,63.18,249.14,275.36,241.27,283.23,False
RBLBANK,303.6,6525936,15.99,47.89,23.3,68.03,89.47,38.68,Sideways,Stable,70.73,288.42,318.78,279.31,327.89,True
TATAPOWER,382.2,5215726,20.13,47.37,13.84,59.74,86.84,22.97,Sideways,Stable,63.23,363.09,401.31,351.62,412.78,True
IRCON,169.3,11552693,29.45,63.97,42.33,41.1,30.13,70.27,Trending,Volatile,42.54,160.84,177.76,155.76,182.84,False
JIOFIN,298.7,6548391,14.0,48.12,17.19,72.0,90.58,28.54,Sideways,Stable,70.74,283.76,313.64,274.8,322.6,True
HEG,539.0,3443683,23.63,55.4,23.88,52.73,73.02,39.64,Sideways,Stable,58.23,512.05,565.95,495.88,582.12,True
NTPC,323.25,5678004,22.75,47.75,10.58,54.5,88.76,17.56,Sideways,Stable,60.81,307.09,339.41,297.39,349.11,True
HDFCSILVER,202.77,8714363,56.22,86.27,31.8,0.0,0.0,52.8,Trending,Volatile,10.56,192.63,212.91,186.55,218.99,False
SHAKTIPUMP,731.3,2435717,41.83,55.88,88.55,16.34,70.6,100.0,Trending,Stable,54.78,694.73,767.86,672.8,789.8,False
PFOCUS,224.22,7526467,44.21,72.37,56.07,11.58,0.0,93.08,Trending,Volatile,23.25,213.01,235.43,206.28,242.16,False
RBA,66.23,26967922,19.13,54.54,47.94,61.74,77.29,79.59,Sideways,Stable,71.53,62.92,69.54,60.93,71.53,True
DLF,694.25,2407071,43.9,40.2,21.37,12.19,51.0,35.47,Trending,Stable,32.37,659.54,728.96,638.71,749.79,False
INDUSINDBK,849.9,1947886,16.59,54.92,19.3,66.83,75.39,32.04,Sideways,Stable,63.29,807.4,892.4,781.91,917.89,True
SAMMAANCAP,140.89,11658931,36.52,33.36,28.39,26.96,16.8,47.13,Trending,Volatile,26.93,133.85,147.93,129.62,152.16,False
BHEL,281.9,5866008,14.6,55.5,24.9,70.81,72.5,41.33,Sideways,Stable,65.59,267.8,296.0,259.35,304.45,True
POWERGRID,267.0,6131188,36.46,47.91,13.65,27.08,89.56,22.65,Trending,Stable,51.18,253.65,280.35,245.64,288.36,False
OLAELEC,34.75,45902099,60.28,38.01,65.88,0.0,40.07,100.0,Trending,Volatile,36.03,33.01,36.49,31.97,37.53,False
LENSKART,465.8,3500079,38.59,73.83,55.51,22.83,0.0,92.15,Trending,Volatile,27.56,442.51,489.09,428.54,503.06,False
JUBLFOOD,566.35,2850948,12.16,41.25,21.7,75.69,56.24,36.03,Sideways,Stable,59.97,538.03,594.67,521.04,611.66,True
ABCAPITAL,346.8,4581179,34.11,51.03,23.14,31.78,94.83,38.41,Trending,Stable,58.33,329.46,364.14,319.06,374.54,False
VBL,481.75,3268207,11.06,57.13,20.83,77.88,64.36,34.58,Sideways,Stable,63.81,457.66,505.84,443.21,520.29,True
ASHOKLEY,177.96,8846615,68.35,80.32,31.65,0.0,0.0,52.54,Trending,Volatile,10.51,169.06,186.86,163.72,192.2,False
FEDERALBNK,265.45,5763276,61.49,66.38,13.79,0.0,18.11,22.89,Trending,Volatile,11.82,252.18,278.72,244.21,286.69,False
AUBANK,980.35,1552265,99.0,62.7,16.47,0.0,36.52,27.35,Trending,Volatile,20.08,931.33,1029.37,901.92,1058.78,False
SAIL,132.71,10990662,18.05,51.61,22.75,63.91,91.97,37.76,Sideways,Stable,69.9,126.07,139.35,122.09,143.33,True
PFC,354.9,4097578,51.1,51.12,20.94,0.0,94.42,34.77,Trending,Stable,44.72,337.16,372.64,326.51,383.29,False
NAM-INDIA,899.1,1605901,25.62,58.5,37.19,48.77,57.49,61.74,Trending,Stable,54.85,854.14,944.06,827.17,971.03,False
SBISILVER,206.97,6484325,55.7,88.17,29.76,0.0,0.0,49.41,Trending,Volatile,9.88,196.62,217.32,190.41,223.53,False
LTF,303.5,4437672,22.04,54.43,23.94,55.92,77.85,39.74,Sideways,Stable,61.45,288.32,318.68,279.22,327.78,True
RECLTD,354.2,3790465,33.49,55.0,21.25,33.03,74.99,35.28,Trending,Stable,50.26,336.49,371.91,325.86,382.54,False
DCXINDIA,203.13,6544183,48.84,64.86,77.81,2.33,25.71,100.0,Trending,Volatile,31.22,192.97,213.29,186.88,219.38,False
CANHLIFE,141.09,8940679,24.61,77.65,31.95,50.77,0.0,53.03,Sideways,Volatile,30.91,134.04,148.14,129.8,152.38,False
GMRAIRPORT,104.89,12397732,37.0,56.88,35.61,26.0,65.61,59.11,Trending,Stable,48.47,99.65,110.13,96.5,113.28,False
PNB,120.9,10647989,13.4,52.2,27.91,73.21,89.02,46.33,Sideways,Stable,74.16,114.86,126.94,111.23,130.57,True
IOC,163.27,7879339,13.52,48.04,21.55,72.97,90.2,35.78,Sideways,Stable,72.43,155.11,171.43,150.21,176.33,True
NTPCGREEN,90.48,13630518,47.73,30.28,16.17,4.55,1.42,26.85,Trending,Volatile,7.76,85.96,95.0,83.24,97.72,False
CGPOWER,666.3,1910047,22.74,40.47,18.35,54.52,52.37,30.46,Sideways,Stable,48.85,632.98,699.62,613.0,719.6,True
WIPRO,271.4,4694861,45.79,75.74,16.37,8.42,0.0,27.18,Trending,Volatile,8.8,257.83,284.97,249.69,293.11,False
ASHAPURMIN,862.95,1398656,37.61,78.77,43.53,24.79,0.0,72.27,Trending,Volatile,24.37,819.8,906.1,793.91,931.99,False
HCC,19.61,65327622,34.88,40.64,114.86,30.24,53.19,100.0,Trending,Stable,53.37,18.63,20.59,18.04,21.18,False
INDHOTEL,738.3,1613745,13.82,54.84,17.19,72.37,75.82,28.54,Sideways,Stable,64.98,701.38,775.22,679.24,797.36,True
AMBUJACEM,546.9,2136787,19.97,51.97,15.91,60.05,90.17,26.42,Sideways,Stable,65.37,519.55,574.24,503.15,590.65,True
TATAGOLD,13.31,86207074,31.72,77.28,15.02,36.56,0.0,24.93,Trending,Volatile,19.61,12.64,13.98,12.25,14.37,False
GOLDIETF,117.26,9779951,48.65,75.15,15.89,2.71,0.0,26.38,Trending,Volatile,6.36,111.4,123.12,107.88,126.64,False
SETFGOLD,116.58,9806579,36.32,75.07,15.75,27.37,0.0,26.14,Trending,Volatile,16.17,110.75,122.41,107.25,125.91,False
ADANIPOWER,144.3,7905799,45.87,45.34,21.26,8.26,76.69,35.29,Trending,Stable,41.04,137.08,151.52,132.76,155.84,False
NYKAA,256.85,4267589,14.09,53.61,18.84,71.83,81.97,31.27,Sideways,Stable,67.78,244.01,269.69,236.3,277.4,True
SWIGGY,405.05,2735627,9.64,51.6,34.13,80.71,91.99,56.66,Sideways,Stable,80.41,384.8,425.3,372.65,437.45,True
BIOCON,401.55,2707789,17.08,58.45,27.86,65.83,57.73,46.24,Sideways,Stable,58.67,381.47,421.63,369.43,433.67,True
BANKBARODA,292.5,3727361,15.05,57.38,21.86,69.89,63.1,36.28,Sideways,Stable,60.46,277.88,307.12,269.1,315.9,True
SBICARD,866.95,1242121,13.59,48.44,23.19,72.82,92.22,38.49,Sideways,Stable,73.72,823.6,910.3,797.59,936.31,True
INOXWIND,127.1,8410588,41.29,39.27,28.18,17.42,46.33,46.78,Trending,Volatile,34.86,120.74,133.46,116.93,137.27,False
IDBI,100.07,10610419,16.14,54.79,25.06,67.73,76.06,41.6,Sideways,Stable,65.83,95.07,105.07,92.06,108.08,True
ANANTRAJ,558.25,1880938,26.01,49.58,46.12,47.97,97.88,76.56,Trending,Stable,73.65,530.34,586.16,513.59,602.91,False
PATANJALI,553.35,1918838,33.26,48.78,29.27,33.49,93.89,48.59,Trending,Stable,60.67,525.68,581.02,509.08,597.62,False
OMAXE,80.41,12520138,33.63,72.7,72.12,32.73,0.0,100.0,Trending,Volatile,33.09,76.39,84.43,73.98,86.84,False
ABLBL,120.44,8572407,27.83,34.94,30.04,44.35,24.68,49.87,Trending,Volatile,37.59,114.42,126.46,110.8,130.08,False
PATELENG,30.11,34596619,20.02,38.63,67.48,59.95,43.15,100.0,Sideways,Volatile,61.24,28.6,31.62,27.7,32.52,False
PGEL,576.0,1768059,13.31,52.65,39.57,73.39,86.75,65.69,Sideways,Stable,77.19,547.2,604.8,529.92,622.08,True
ASIANTILES,73.35,12995611,26.1,72.03,43.56,47.8,0.0,72.31,Trending,Volatile,33.58,69.68,77.02,67.48,79.22,False
YESBANK,21.74,45436981,23.03,42.07,18.8,53.93,60.33,31.21,Sideways,Stable,51.95,20.65,22.83,20.0,23.48,True
SULA,216.04,4231292,44.35,33.95,23.32,11.3,19.77,38.71,Trending,Volatile,20.17,205.24,226.84,198.76,233.32,False
ONGC,235.49,4114036,46.73,37.97,11.2,6.53,39.83,18.59,Trending,Volatile,22.26,223.72,247.26,216.65,254.33,False
NIFTYBEES,295.68,3252373,28.77,57.45,6.97,42.45,62.77,11.56,Trending,Stable,44.4,280.9,310.46,272.03,319.33,False
JAYNECOIND,77.67,11735159,23.18,60.47,45.77,53.63,47.67,75.97,Sideways,Volatile,55.72,73.79,81.55,71.46,83.88,False
IDFCFIRSTB,85.0,10955983,22.59,65.47,19.61,54.82,22.67,32.55,Sideways,Volatile,37.51,80.75,89.25,78.2,91.8,False
SENORES,804.5,1151048,15.72,53.21,35.01,68.56,83.97,58.11,Sideways,Stable,72.63,764.28,844.72,740.14,868.86,True
MOTHERSON,120.24,7675699,29.85,61.4,26.88,40.3,42.98,44.62,Trending,Volatile,42.23,114.23,126.25,110.62,129.86,False
CUB,288.6,3114282,21.73,67.0,32.79,56.55,14.99,54.43,Sideways,Volatile,39.5,274.17,303.03,265.51,311.69,False
HFCL,66.26,13934322,28.5,40.56,29.02,42.99,52.81,48.17,Trending,Stable,47.95,62.95,69.57,60.96,71.56,False
TTML,49.57,17135791,19.86,44.83,75.4,60.28,74.16,100.0,Sideways,Stable,73.77,47.09,52.05,45.6,53.54,True
JSWENERGY,485.65,1822866,23.8,51.58,27.58,52.41,92.09,45.78,Sideways,Stable,66.95,461.37,509.93,446.8,524.5,True
UNIONBANK,152.36,5737536,9.43,51.07,21.15,81.13,94.65,35.1,Sideways,Stable,77.33,144.74,159.98,140.17,164.55,True
MOIL,340.95,2472510,21.66,55.53,34.35,56.68,72.34,57.02,Sideways,Stable,63.01,323.9,358.0,313.67,368.23,True
HDFCLIFE,763.95,1132272,13.43,50.61,15.02,73.15,96.96,24.93,Sideways,Stable,73.03,725.75,802.15,702.83,825.07,True
BPCL,370.0,2339154,14.73,59.5,20.25,70.54,52.52,33.62,Sideways,Stable,55.95,351.5,388.5,340.4,399.6,True
NAZARA,241.2,3470794,19.91,49.33,48.95,60.18,96.63,81.25,Sideways,Stable,78.97,229.14,253.26,221.9,260.5,True
SOUTHBANK,39.36,21777935,12.09,50.42,24.7,75.81,97.88,41.0,Sideways,Stable,77.67,37.39,41.33,36.21,42.51,True
HDFCGOLD,116.66,7186870,17.82,76.48,14.78,64.36,0.0,24.53,Sideways,Volatile,30.65,110.83,122.49,107.33,125.99,False
IDEAFORGE,477.95,1712430,28.37,59.1,64.03,43.26,54.52,100.0,Trending,Stable,59.11,454.05,501.85,439.71,516.19,False
YATRA,179.28,4496629,22.35,55.57,55.79,55.29,72.15,92.61,Sideways,Stable,69.5,170.32,188.24,164.94,193.62,True
ZEEL,91.86,8806313,19.22,35.97,26.04,61.56,29.87,43.23,Sideways,Volatile,45.22,87.27,96.45,84.51,99.21,False
EDELWEISS,109.07,7260266,20.59,50.84,38.43,58.82,95.8,63.79,Sideways,Stable,74.61,103.62,114.52,100.34,117.8,True
SAGILITY,52.59,15042488,20.85,61.68,24.46,58.3,41.59,40.6,Sideways,Volatile,48.08,49.96,55.22,48.38,56.8,False
ABFRL,78.63,10029867,22.7,54.8,29.01,54.6,75.98,48.16,Sideways,Stable,61.87,74.7,82.56,72.34,84.92,True
IRCTC,680.85,1143972,26.06,49.52,12.73,47.89,97.62,21.12,Trending,Stable,62.43,646.81,714.89,626.38,735.32,False
5PAISA,315.8,2239630,21.38,50.32,42.13,57.25,98.38,69.94,Sideways,Stable,76.24,300.01,331.59,290.54,341.06,True
GAIL,172.04,4467016,25.9,46.33,21.4,48.19,81.63,35.52,Trending,Stable,59.03,163.44,180.64,158.28,185.8,False
IREDA,138.73,5479430,41.78,50.26,23.7,16.43,98.7,39.34,Trending,Stable,53.92,131.79,145.67,127.63,149.83,False
SILVER,210.35,3494906,64.38,88.91,27.49,0.0,0.0,45.64,Trending,Volatile,9.13,199.83,220.87,193.52,227.18,False
RAILTEL,358.7,2061457,26.3,62.06,37.02,47.39,39.71,61.45,Trending,Volatile,47.13,340.76,376.64,330.0,387.4,False
HINDPETRO,475.1,1548951,18.14,63.02,15.62,63.73,34.9,25.92,Sideways,Volatile,44.63,451.34,498.86,437.09,513.11,False
RAJESHEXPO,223.02,3269992,37.96,70.81,58.11,24.07,0.0,96.46,Trending,Volatile,28.92,211.87,234.17,205.18,240.86,False
GRMOVER,505.55,4367524,24.46,73.64,398.16,51.08,0.0,100.0,Sideways,Volatile,40.43,480.27,530.83,465.11,545.99,False
VMM,136.78,5226745,26.92,52.68,21.92,46.15,86.62,36.38,Trending,Stable,60.39,129.94,143.62,125.84,147.72,False
INDIANB,783.25,902942,34.6,38.3,30.33,30.81,41.52,50.35,Trending,Volatile,39.0,744.09,822.41,720.59,845.91,False
URBANCO,124.85,5522144,23.01,38.36,30.04,53.98,41.79,49.86,Sideways,Volatile,48.28,118.61,131.09,114.86,134.84,False
ARSSBL,660.5,1043060,25.38,59.47,45.3,49.24,52.64,75.19,Trending,Stable,55.79,627.48,693.52,607.66,713.34,False
MARICO,737.35,921626,19.96,54.87,15.35,60.07,75.64,25.47,Sideways,Stable,59.38,700.48,774.22,678.36,796.34,True
TARIL,301.55,2201031,28.9,52.03,78.81,42.2,89.83,100.0,Trending,Stable,72.81,286.47,316.63,277.43,325.67,False
BLACKBUCK,642.6,993126,16.05,49.52,29.65,67.91,97.62,49.23,Sideways,Stable,76.06,610.47,674.73,591.19,694.01,True
SYRMA,733.5,883395,35.86,40.17,33.33,28.27,50.84,55.33,Trending,Stable,42.71,696.82,770.18,674.82,792.18,False
NBCC,116.27,5565300,17.11,56.36,36.91,65.77,68.2,61.26,Sideways,Stable,65.84,110.46,122.08,106.97,125.57,True
DEVYANI,142.06,4322434,28.98,56.56,36.43,42.05,67.22,60.48,Trending,Stable,55.8,134.96,149.16,130.7,153.42,False
RATNAVEER,164.07,3975783,20.99,57.72,45.38,58.01,61.38,75.33,Sideways,Stable,62.82,155.87,172.27,150.94,177.2,True
JKTYRE,510.3,1217542,41.77,73.11,33.92,16.45,0.0,56.3,Trending,Volatile,17.84,484.78,535.82,469.48,551.12,False
HUDCO,216.07,2843615,25.76,44.71,30.25,48.47,73.55,50.21,Trending,Stable,58.85,205.27,226.87,198.78,233.36,False
AXISGOLD,114.64,5373728,21.27,74.79,16.52,57.47,0.0,27.42,Sideways,Volatile,28.47,108.91,120.37,105.47,123.81,False
GUJTHEM,408.0,1374392,38.35,51.98,35.49,23.3,90.12,58.91,Trending,Stable,57.15,387.6,428.4,375.36,440.64,False
NCC,160.8,3643486,63.51,35.49,22.63,0.0,27.43,37.56,Trending,Volatile,18.49,152.76,168.84,147.94,173.66,False
PRSMJOHNSN,149.34,3955280,28.29,49.6,34.56,43.42,98.0,57.37,Trending,Stable,68.04,141.87,156.81,137.39,161.29,False
BANDHANBNK,149.34,3955280,28.29,49.6,34.56,43.42,98.0,57.37,Trending,Stable,68.04,141.87,156.81,137.39,161.29,False
VPRPL,59.44,9654161,27.15,19.42,48.2,45.7,0.0,80.02,Trending,Volatile,34.29,56.47,62.41,54.68,64.2,False
BANKINDIA,140.89,4090710,24.31,46.66,26.77,51.38,83.28,44.43,Sideways,Stable,62.75,133.85,147.93,129.62,152.16,True
LOTUSDEV,156.18,3466586,23.92,39.83,26.54,52.16,49.15,44.06,Sideways,Volatile,49.33,148.37,163.99,143.69,168.67,False
RAIN,125.29,4192336,39.6,61.13,54.17,20.79,44.36,89.92,Trending,Volatile,44.04,119.03,131.55,115.27,135.31,False
SILVER1,204.49,2519870,68.59,85.01,31.58,0.0,0.0,52.43,Trending,Volatile,10.49,194.27,214.71,188.13,220.85,False
PETRONET,279.4,1887230,16.96,59.37,22.9,66.09,53.14,38.01,Sideways,Stable,55.29,265.43,293.37,257.05,301.75,True
SYNGENE,658.55,810149,19.17,57.47,18.19,61.66,62.66,30.2,Sideways,Stable,55.77,625.62,691.48,605.87,711.23,True
IEX,142.05,3752961,15.87,50.03,26.86,68.25,99.83,44.6,Sideways,Stable,76.15,134.95,149.15,130.69,153.41,True
BSOFT,455.85,1147463,38.49,73.9,31.7,23.02,0.0,52.62,Trending,Volatile,19.73,433.06,478.64,419.38,492.32,False
MID150BEES,230.52,2240984,16.68,57.54,11.75,66.64,62.32,19.5,Sideways,Stable,55.48,218.99,242.05,212.08,248.96,True
SILVERCASE,21.38,23075773,63.54,88.38,28.4,0.0,0.0,47.15,Trending,Volatile,9.43,20.31,22.45,19.67,23.09,False
GPIL,258.95,1996239,22.26,61.74,37.17,55.49,41.31,61.71,Sideways,Volatile,51.06,246.0,271.9,238.23,279.67,False
ASTERDM,597.35,841675,43.46,28.29,20.54,13.07,0.0,34.09,Trending,Volatile,12.05,567.48,627.22,549.56,645.14,False
KALYANKJIL,488.35,1018029,12.7,51.39,26.09,74.6,93.04,43.3,Sideways,Stable,75.72,463.93,512.77,449.28,527.42,True
SHYAMMETL,826.25,600271,16.51,52.53,19.69,66.99,87.37,32.69,Sideways,Stable,68.28,784.94,867.56,760.15,892.35,True
PPLPHARMA,178.01,2751002,33.39,47.03,24.8,33.23,85.16,41.17,Trending,Stable,55.59,169.11,186.91,163.77,192.25,False
BAJAJHFL,95.85,5148917,62.27,30.92,28.83,0.0,4.58,47.86,Trending,Volatile,11.4,91.06,100.64,88.18,103.52,False
HEXT,738.55,654104,30.64,48.03,42.9,38.72,90.15,71.22,Trending,Stable,65.79,701.62,775.48,679.47,797.63,False
SCI,216.73,2212718,28.06,36.67,27.72,43.88,33.36,46.01,Trending,Volatile,40.1,205.89,227.57,199.39,234.07,False
TFCILTD,64.88,7486381,13.56,45.1,34.12,72.89,75.5,56.64,Sideways,Stable,70.68,61.64,68.12,59.69,70.07,True
GOLD1,114.02,4180982,28.16,74.33,15.8,43.68,0.0,26.23,Trending,Volatile,22.72,108.32,119.72,104.9,123.14,False
SANDHAR,580.95,849250,11.95,61.32,39.75,76.09,43.4,65.99,Sideways,Volatile,61.0,551.9,610.0,534.47,627.43,False
INOXGREEN,208.43,2208307,38.08,45.53,39.87,23.84,77.65,66.19,Trending,Stable,53.83,198.01,218.85,191.76,225.1,False
SILVERBETA,203.98,2192746,55.1,87.63,29.35,0.0,0.0,48.72,Trending,Volatile,9.74,193.78,214.18,187.66,220.3,False
KIMS,640.8,717376,25.98,34.3,22.09,48.03,21.51,36.68,Trending,Volatile,35.15,608.76,672.84,589.54,692.06,False
CHOICEIN,807.8,556981,20.68,59.82,35.11,58.63,50.89,58.29,Sideways,Stable,55.47,767.41,848.19,743.18,872.42,True
JPPOWER,17.78,25482472,14.9,42.53,25.53,70.2,62.63,42.37,Sideways,Stable,61.61,16.89,18.67,16.36,19.2,True
NHPC,78.23,5716970,37.45,52.04,13.16,25.1,89.78,21.85,Trending,Stable,50.32,74.32,82.14,71.97,84.49,False
GRAPHITE,570.3,769350,16.1,59.34,25.29,67.79,53.28,41.98,Sideways,Stable,56.82,541.78,598.81,524.68,615.92,True
HSCL,481.75,928093,31.22,60.42,29.81,37.56,47.88,49.49,Trending,Volatile,44.08,457.66,505.84,443.21,520.29,False
CHAMBLFERT,468.9,934335,34.07,65.45,22.92,31.86,22.74,38.05,Trending,Volatile,29.45,445.46,492.34,431.39,506.41,False
KPIGREEN,420.8,1025251,45.34,42.4,43.97,9.31,61.99,73.0,Trending,Stable,43.12,399.76,441.84,387.14,454.46,False
ICICIPRULI,650.9,672563,25.47,62.27,20.86,49.07,38.65,34.63,Trending,Volatile,42.01,618.35,683.44,598.83,702.97,False
CROMPTON,259.7,1650819,34.24,47.16,19.8,31.52,85.8,32.87,Trending,Stable,53.5,246.71,272.68,238.92,280.48,False
ITI,310.35,1354456,22.09,51.66,27.58,55.82,91.68,45.78,Sideways,Stable,68.16,294.83,325.87,285.52,335.18,True
LICI,855.4,494054,37.82,39.71,13.52,24.35,48.57,22.45,Trending,Volatile,33.66,812.63,898.17,786.97,923.83,False
SONACOMS,488.3,868011,15.86,48.15,22.74,68.27,90.74,37.74,Sideways,Stable,71.15,463.88,512.72,449.24,527.36,True
DABUR,493.15,850597,25.3,33.72,8.75,49.39,18.58,14.52,Trending,Volatile,30.09,468.49,517.81,453.7,532.6,False
IFCI,52.97,7850697,25.71,61.42,36.12,48.58,42.9,59.95,Trending,Volatile,48.58,50.32,55.62,48.73,57.21,False
METALIETF,10.77,38407107,17.59,65.74,14.18,64.82,21.31,23.55,Sideways,Volatile,39.16,10.23,11.31,9.91,11.63,False
POONAWALLA,470.9,850172,14.59,56.49,33.55,70.82,67.53,55.69,Sideways,Stable,66.48,447.35,494.44,433.23,508.57,True
AVANTIFEED,856.9,478690,33.44,65.31,31.85,33.12,23.44,52.87,Trending,Volatile,33.2,814.06,899.74,788.35,925.45,False
RICOAUTO,127.29,3145401,35.37,64.69,83.34,29.25,26.55,100.0,Trending,Volatile,42.32,120.93,133.65,117.11,137.47,False
JSWINFRA,286.5,1385067,30.24,65.76,19.73,39.52,21.18,32.75,Trending,Volatile,30.83,272.18,300.82,263.58,309.42,False
TEXRAIL,134.15,2864713,17.89,59.51,44.69,64.21,52.45,74.18,Sideways,Stable,61.5,127.44,140.86,123.42,144.88,True
GKENERGY,151.85,2438056,36.07,41.47,62.94,27.87,57.34,100.0,Trending,Stable,54.08,144.26,159.44,139.7,164.0,False
AXISILVER,209.39,1743807,68.79,87.69,27.77,0.0,0.0,46.09,Trending,Volatile,9.22,198.92,219.86,192.64,226.14,False
AGIIL,265.0,1436263,34.49,48.18,25.8,31.02,90.92,42.83,Trending,Stable,57.34,251.75,278.25,243.8,286.2,False
SAPPHIRE,247.31,1468450,25.64,51.57,33.08,48.72,92.13,54.91,Trending,Stable,67.32,234.94,259.68,227.53,267.09,False
KEC,743.15,499159,32.6,58.09,26.74,34.79,59.53,44.38,Trending,Stable,46.6,705.99,780.31,683.7,802.6,False
KANSAINER,224.26,1518787,39.92,37.9,32.86,20.17,39.51,54.55,Trending,Volatile,34.78,213.05,235.47,206.32,242.2,False
PRICOLLTD,639.3,571769,51.36,56.45,31.99,0.0,67.77,53.11,Trending,Stable,37.73,607.33,671.26,588.16,690.44,False
SARDAEN,530.25,670540,19.54,62.63,29.05,60.91,36.85,48.22,Sideways,Volatile,48.75,503.74,556.76,487.83,572.67,False
FABTECH,208.03,1684519,13.03,34.89,49.88,73.93,24.44,82.8,Sideways,Volatile,55.91,197.63,218.43,191.39,224.67,False
ITBEES,42.99,8339647,32.98,67.51,13.03,34.03,12.45,21.63,Trending,Volatile,22.92,40.84,45.14,39.55,46.43,False
SMCGLOBAL,85.56,3989122,25.48,52.28,80.91,49.04,88.62,100.0,Trending,Stable,75.07,81.28,89.84,78.72,92.4,False
MOREALTY,88.48,3962118,39.64,45.2,18.3,20.72,76.0,30.38,Trending,Stable,44.77,84.06,92.9,81.4,95.56,False
OSWALPUMPS,530.2,641985,41.92,39.53,46.83,16.17,47.64,77.74,Trending,Volatile,41.07,503.69,556.71,487.78,572.62,False
KARURVYSYA,250.86,1384920,15.38,55.03,19.08,69.25,74.83,31.67,Sideways,Stable,63.97,238.32,263.4,230.79,270.93,True
EPACK,277.7,1229832,40.18,49.07,69.35,19.64,95.33,100.0,Trending,Stable,65.99,263.82,291.58,255.48,299.92,False
SBC,28.35,11769948,49.5,68.94,18.33,1.0,5.28,30.43,Trending,Volatile,8.6,26.93,29.77,26.08,30.62,False
DELHIVERY,412.1,839638,23.29,47.27,26.1,53.42,86.35,43.32,Sideways,Stable,64.57,391.5,432.71,379.13,445.07,True
MBEL,368.75,858671,22.73,38.37,42.93,54.53,41.85,71.27,Sideways,Volatile,52.81,350.31,387.19,339.25,398.25,False
GODAVARIB,271.42,1136869,38.83,61.75,43.6,22.33,41.26,72.38,Trending,Volatile,39.91,257.85,284.99,249.71,293.13,False
PCJEWELLER,9.58,34560666,30.81,28.7,37.25,38.39,0.0,61.84,Trending,Volatile,27.72,9.1,10.06,8.81,10.35,False
SWSOLAR,219.78,1474790,16.57,51.17,46.0,66.86,94.13,76.35,Sideways,Stable,79.67,208.79,230.77,202.2,237.36,True
JAINREC,421.95,781204,16.63,59.24,44.66,66.74,53.78,74.13,Sideways,Stable,63.03,400.85,443.05,388.19,455.71,True
KTKBANK,206.16,1572967,26.33,58.37,23.62,47.34,58.16,39.21,Trending,Stable,50.04,195.85,216.47,189.67,222.65,False
KOPRAN,152.34,2117764,29.14,66.05,58.52,41.71,19.77,97.14,Trending,Volatile,44.02,144.72,159.96,140.15,164.53,False
APOLLOTYRE,512.1,624578,10.37,49.15,20.09,79.25,95.77,33.35,Sideways,Stable,76.68,486.5,537.71,471.13,553.07,True
UJJIVANSFB,53.27,6058697,14.4,48.48,23.95,71.2,92.39,39.76,Sideways,Stable,73.39,50.61,55.93,49.01,57.53,True
BANKBEES,610.64,515146,18.44,52.99,6.37,63.11,85.04,10.58,Sideways,Stable,61.37,580.11,641.17,561.79,659.49,True
NLCINDIA,251.89,1250722,33.8,59.09,25.06,32.41,54.54,41.6,Trending,Stable,43.1,239.3,264.48,231.74,272.04,False
ATGL,563.4,554316,34.41,24.97,17.17,31.18,0.0,28.51,Trending,Volatile,18.17,535.23,591.57,518.33,608.47,False
GENESYS,432.25,689711,21.77,47.8,52.14,56.46,89.01,86.55,Sideways,Stable,75.5,410.64,453.86,397.67,466.83,True
HGINFRA,809.5,391193,32.33,49.4,35.26,35.35,96.99,58.53,Trending,Stable,64.64,769.02,849.98,744.74,874.26,False
AWHCL,537.05,581421,52.36,68.76,72.11,0.0,6.21,100.0,Trending,Volatile,22.48,510.2,563.9,494.09,580.01,False
KIOCL,362.05,792385,26.86,53.82,45.45,46.27,80.9,75.44,Trending,Stable,65.96,343.95,380.15,333.09,391.01,False
DCBBANK,176.16,1712469,19.34,56.38,22.49,61.31,68.11,37.34,Sideways,Stable,59.24,167.35,184.97,162.07,190.25,True
MAHABANK,57.7,5102637,19.28,50.45,16.56,61.44,97.76,27.5,Sideways,Stable,69.18,54.82,60.59,53.08,62.32,True
JMFINANCIL,144.89,2010283,12.33,47.19,33.83,75.34,85.94,56.15,Sideways,Stable,75.74,137.65,152.13,133.3,156.48,True
FIVESTAR,563.85,521376,10.43,41.38,26.35,79.14,56.89,43.74,Sideways,Stable,63.16,535.66,592.04,518.74,608.96,True
LICHSGFIN,533.85,540891,40.99,40.65,17.68,18.02,53.24,29.34,Trending,Stable,34.38,507.16,560.54,491.14,576.56,False
PURVA,259.49,1145301,24.61,62.54,38.03,50.77,37.3,63.13,Sideways,Volatile,47.85,246.52,272.46,238.73,280.25,False
OIL,410.25,706490,29.91,48.87,14.63,40.18,94.35,24.28,Trending,Stable,58.67,389.74,430.76,377.43,443.07,False
KIRIINDUS,588.6,486565,22.46,57.2,49.77,55.08,64.02,82.61,Sideways,Stable,64.16,559.17,618.03,541.51,635.69,True
AWL,239.35,1209241,48.74,32.08,18.12,2.52,10.41,30.07,Trending,Volatile,11.19,227.38,251.32,220.2,258.5,False
TI,469.05,609977,11.92,53.2,29.24,76.17,83.99,48.54,Sideways,Stable,73.77,445.6,492.5,431.53,506.57,True
NATCOPHARM,927.0,309442,28.39,59.03,38.44,43.21,54.86,63.81,Trending,Stable,51.99,880.65,973.35,852.84,1001.16,False
RITES,241.95,1151718,27.6,60.54,28.09,44.8,47.29,46.63,Trending,Volatile,46.16,229.85,254.05,222.59,261.31,False
IXIGO,264.55,1030514,27.8,51.54,51.85,44.39,92.32,86.08,Trending,Stable,71.9,251.32,277.78,243.39,285.71,False
JINDRILL,566.25,474118,26.78,63.55,41.73,46.44,32.27,69.28,Trending,Volatile,45.34,537.94,594.56,520.95,611.55,False
PARAS,676.75,405475,22.11,49.47,31.38,55.78,97.35,52.1,Sideways,Stable,71.67,642.91,710.59,622.61,730.89,True
SHOPERSTOP,424.95,660263,33.32,40.48,29.51,33.35,52.39,48.98,Trending,Stable,44.09,403.7,446.2,390.95,458.95,False
REDINGTON,275.35,983807,10.51,48.36,25.22,78.98,91.81,41.87,Sideways,Stable,76.69,261.58,289.12,253.32,297.38,True
TATACHEM,776.65,349878,49.37,44.32,15.52,1.25,71.59,25.77,Trending,Stable,34.29,737.82,815.48,714.52,838.78,False
BLISSGVS,179.0,1492326,21.77,64.62,71.31,56.45,26.88,100.0,Sideways,Volatile,53.33,170.05,187.95,164.68,193.32,False
TIMETECHNO,184.37,1393197,31.5,37.58,26.47,37.01,37.9,43.94,Trending,Volatile,38.75,175.15,193.59,169.62,199.12,False
JSL,797.35,324545,10.94,59.31,17.58,78.12,53.43,29.19,Sideways,Stable,58.46,757.48,837.22,733.56,861.14,True
AFCONS,382.85,662375,35.93,36.02,25.56,28.15,30.11,42.43,Trending,Volatile,31.79,363.71,401.99,352.22,413.48,False
TDPOWERSYS,731.95,352117,17.38,52.02,42.44,65.25,89.89,70.46,Sideways,Stable,76.15,695.35,768.55,673.39,790.51,True
MOSCHIP,210.59,1195921,39.25,48.98,33.64,21.51,94.91,55.84,Trending,Stable,57.74,200.06,221.12,193.74,227.44,False
EXIDEIND,370.05,686505,25.31,47.61,18.82,49.38,88.06,31.24,Trending,Stable,61.22,351.55,388.55,340.45,399.65,False
ENGINERSIN,199.87,1245312,15.23,54.84,32.09,69.53,75.82,53.27,Sideways,Stable,68.79,189.88,209.86,183.88,215.86,True
ITCHOTELS,194.68,1282377,32.11,41.74,22.24,35.79,58.68,36.93,Trending,Stable,45.17,184.95,204.41,179.11,210.25,False
SWANCORP,463.2,540093,13.66,53.27,21.42,72.68,83.64,35.55,Sideways,Stable,69.64,440.04,486.36,426.14,500.26,True
GOLDCASE,21.5,11561968,34.1,77.84,14.58,31.8,0.0,24.2,Trending,Volatile,17.56,20.42,22.58,19.78,23.22,False
RELIGARE,242.94,996349,42.67,52.92,34.24,14.66,85.41,56.84,Trending,Stable,51.4,230.79,255.09,223.5,262.38,False
SONATSOFTW,362.75,683228,19.53,55.9,26.16,60.95,70.48,43.42,Sideways,Stable,61.25,344.61,380.89,333.73,391.77,True
UNITECH,5.73,39224183,29.31,29.25,29.42,41.38,0.0,48.84,Trending,Volatile,26.32,5.44,6.02,5.27,6.19,False
CONCOR,512.6,476260,24.92,52.67,14.33,50.16,86.65,23.78,Sideways,Stable,59.48,486.97,538.23,471.59,553.61,True
GOLDETF,132.6,1761074,23.96,77.2,14.18,52.09,0.0,23.53,Sideways,Volatile,25.54,125.97,139.23,121.99,143.21,False
WELCORP,813.05,288115,33.74,45.25,22.84,32.52,76.27,37.91,Trending,Stable,51.1,772.4,853.7,748.01,878.09,False
LATENTVIEW,465.75,493374,26.23,45.25,50.28,47.54,76.26,83.47,Trending,Stable,66.21,442.46,489.04,428.49,503.01,False
AEROFLEX,203.52,1117218,27.32,68.1,46.62,45.36,9.48,77.39,Trending,Volatile,37.42,193.34,213.7,187.24,219.8,False
HDBFS,758.85,301424,24.83,53.48,21.17,50.34,82.61,35.13,Sideways,Stable,60.21,720.91,796.79,698.14,819.56,True
CRAMC,303.5,736443,25.63,53.78,37.67,48.75,81.1,62.53,Trending,Stable,64.44,288.32,318.68,279.22,327.78,False
SGMART,362.2,602192,19.16,66.74,28.43,61.68,16.31,47.19,Sideways,Volatile,40.63,344.09,380.31,333.22,391.18,False
BBOX,514.65,422287,16.77,43.68,30.62,66.46,68.4,50.83,Sideways,Stable,64.11,488.92,540.38,473.48,555.82,True
STARHEALTH,460.2,483710,26.09,35.93,14.87,47.82,29.67,24.68,Trending,Volatile,35.93,437.19,483.21,423.38,497.02,False
MTNL,36.64,5847763,20.46,42.72,29.32,59.08,63.61,48.68,Sideways,Stable,58.81,34.81,38.47,33.71,39.57,True
PARADEEP,161.49,1349491,13.87,54.25,31.18,72.25,78.74,51.75,Sideways,Stable,70.75,153.42,169.56,148.57,174.41,True
ZENSARTECH,739.85,293326,15.31,50.7,17.15,69.39,96.49,28.46,Sideways,Stable,72.04,702.86,776.84,680.66,799.04,True
