Symbol,Close,Volume,ADX,RSI,HV,Trend_Score,Stability_Score,Vol_Score,Status,Stability,Confidence,StopLoss_L,StopLoss_H,Target_Put,Target_Call,Passed
HDFCBANK,731.0,23660590,28.39,58.71,14.05,43.22,56.46,23.33,Trending,Stable,44.54,694.45,767.55,672.52,789.48,False
SENCO,388.8,1660781,16.52,63.98,65.33,66.97,30.11,100.0,Sideways,Volatile,58.83,369.36,408.24,357.7,419.9,False
IFCI,73.98,18598984,28.9,40.8,56.77,42.21,54.0,94.23,Trending,Stable,57.33,70.28,77.68,68.06,79.9,False
PCJEWELLER,9.77,265709406,21.9,36.27,83.88,56.2,31.33,100.0,Sideways,Volatile,55.01,9.28,10.26,8.99,10.55,False
ITC,286.1,9347929,13.42,68.29,25.43,73.17,8.55,42.21,Sideways,Volatile,41.13,271.8,300.41,263.21,308.99,False
CUPID,262.13,25888287,54.19,36.27,51.76,0.0,31.34,85.92,Trending,Volatile,29.72,249.02,275.24,241.16,283.1,False
KOTAKBANK,390.75,11662079,23.32,33.21,18.85,53.37,16.07,31.28,Sideways,Volatile,34.03,371.21,410.29,359.49,422.01,False
PNGSREVA,511.2,323189,24.48,38.74,62.96,51.04,43.7,100.0,Sideways,Volatile,57.9,485.64,536.76,470.3,552.1,False
ADANIPOWER,209.0,13196740,9.1,54.87,34.02,81.81,75.65,56.47,Sideways,Stable,74.28,198.55,219.45,192.28,225.72,True
LICHSGFIN,504.25,1388633,15.23,44.23,25.28,69.54,71.13,41.96,Sideways,Stable,64.66,479.04,529.46,463.91,544.59,True
ETERNAL,315.0,16471148,15.51,42.44,16.83,68.98,62.2,27.94,Sideways,Stable,58.06,299.25,330.75,289.8,340.2,True
BHEL,405.2,4506602,12.9,39.96,34.36,74.19,49.8,57.04,Sideways,Volatile,61.01,384.94,425.46,372.78,437.62,False
OLAELEC,41.07,62349277,34.08,61.68,42.78,31.83,41.6,71.02,Trending,Volatile,43.58,39.02,43.12,37.78,44.36,False
TATASTEEL,187.55,33338101,25.88,56.18,16.38,48.25,69.09,27.19,Trending,Stable,52.37,178.17,196.93,172.55,202.55,False
FSL,279.85,2638873,26.94,61.01,23.25,46.13,44.95,38.6,Trending,Volatile,44.15,265.86,293.84,257.46,302.24,False
GMRAIRPORT,107.2,4292976,42.14,74.16,24.6,15.73,0.0,40.84,Trending,Volatile,14.46,101.84,112.56,98.62,115.78,False
BEL,401.0,7836426,26.66,46.09,13.35,46.67,80.46,22.16,Trending,Stable,55.28,380.95,421.05,368.92,433.08,False
INOXGREEN,179.43,661658,47.46,58.91,36.1,5.09,55.46,59.92,Trending,Stable,36.2,170.46,188.4,165.08,193.78,False
MOBIKWIK,200.3,3123248,16.92,43.18,23.35,66.17,65.92,38.76,Sideways,Stable,60.59,190.28,210.32,184.28,216.32,True
ENGINERSIN,240.6,3326778,26.42,37.56,39.7,47.16,37.79,65.9,Trending,Volatile,47.16,228.57,252.63,221.35,259.85,False
GROWW,190.5,19981042,13.16,42.77,28.98,73.68,63.84,48.1,Sideways,Stable,64.63,180.98,200.02,175.26,205.74,True
HINDPETRO,393.05,6272362,19.16,72.03,23.17,61.68,0.0,38.47,Sideways,Volatile,32.36,373.4,412.7,361.61,424.49,False
IDEA,12.73,413469644,28.03,34.99,45.01,43.93,24.93,74.71,Trending,Volatile,42.49,12.09,13.37,11.71,13.75,False
NTPC,342.5,8818488,27.82,63.84,11.74,44.36,30.8,19.48,Trending,Volatile,33.96,325.38,359.62,315.1,369.9,False
FINOPB,154.96,304253,37.26,60.35,41.63,25.48,48.27,69.11,Trending,Volatile,43.32,147.21,162.71,142.56,167.36,False
PINELABS,154.44,39414621,11.83,41.0,44.09,76.34,55.01,73.18,Sideways,Stable,67.18,146.72,162.16,142.08,166.8,True
POWERGRID,271.6,8329347,27.89,60.21,16.56,44.23,48.97,27.49,Trending,Volatile,42.78,258.02,285.18,249.87,293.33,False
SILVERBEES,220.47,23165311,16.71,48.99,31.59,66.59,94.96,52.43,Sideways,Stable,75.1,209.45,231.49,202.83,238.11,True
BANKBARODA,250.7,6890654,26.36,63.22,15.77,47.27,33.88,26.18,Trending,Volatile,37.69,238.16,263.24,230.64,270.76,False
MEESHO,191.35,12452017,6.88,40.28,32.66,86.23,51.42,54.21,Sideways,Stable,65.9,181.78,200.92,176.04,206.66,True
KALYANKJIL,606.3,14754190,8.53,53.3,31.27,82.93,83.52,51.9,Sideways,Stable,76.96,575.98,636.62,557.8,654.8,True
VEDL,278.85,26401833,26.91,55.46,33.48,46.19,72.68,55.57,Trending,Stable,58.66,264.91,292.79,256.54,301.16,False
LENSKART,569.7,4635024,21.02,36.36,24.88,57.95,31.79,41.31,Sideways,Volatile,44.16,541.22,598.19,524.12,615.28,False
FEDERALBNK,356.25,2848547,37.4,57.73,23.86,25.2,61.34,39.6,Trending,Stable,42.54,338.44,374.06,327.75,384.75,False
WIPRO,187.53,5337618,49.49,70.62,20.89,1.02,0.0,34.68,Trending,Volatile,7.34,178.15,196.91,172.53,202.53,False
SUZLON,48.15,59333617,52.81,66.14,24.49,0.0,19.32,40.66,Trending,Volatile,15.86,45.74,50.56,44.3,52.0,False
MOREPENLAB,80.25,15288954,55.43,29.32,72.92,0.0,0.0,100.0,Trending,Volatile,20.0,76.24,84.26,73.83,86.67,False
DLF,642.0,3031205,12.47,39.45,18.53,75.06,47.23,30.75,Sideways,Volatile,55.07,609.9,674.1,590.64,693.36,False
IBULLSLTD,29.43,3339555,25.76,60.9,34.17,48.48,45.52,56.72,Trending,Volatile,48.94,27.96,30.9,27.08,31.78,False
NIFTYBEES,279.83,6594652,60.28,73.53,5.86,0.0,0.0,9.73,Trending,Volatile,1.95,265.84,293.82,257.44,302.22,False
VAML,470.05,8680249,50.88,66.62,27.59,0.0,16.88,45.79,Trending,Volatile,15.91,446.55,493.55,432.45,507.65,False
APOLLO,403.85,6899261,17.12,56.78,22.29,65.77,66.1,37.0,Sideways,Stable,60.15,383.66,424.04,371.54,436.16,True
PNB,114.81,11111923,9.2,46.22,20.33,81.59,81.09,33.75,Sideways,Stable,71.82,109.07,120.55,105.63,123.99,True
SKYGOLD,719.4,8041621,14.62,35.42,52.01,70.75,27.08,86.33,Sideways,Volatile,56.4,683.43,755.37,661.85,776.95,False
ASHOKLEY,177.5,14528731,32.63,61.99,23.79,34.74,40.06,39.49,Trending,Volatile,37.82,168.62,186.38,163.3,191.7,False
SAIL,176.58,28747160,28.53,48.02,39.17,42.95,90.11,65.03,Trending,Stable,66.23,167.75,185.41,162.45,190.71,False
MRPL,167.01,2663850,19.73,42.94,46.47,60.53,64.69,77.13,Sideways,Stable,65.52,158.66,175.36,153.65,180.37,True
BANDHANBNK,176.02,6631422,20.52,58.28,20.6,58.97,58.61,34.19,Sideways,Stable,53.87,167.22,184.82,161.94,190.1,True
LALITHAA,201.0,99042106,34.86,19.01,67.29,30.28,0.0,100.0,Trending,Volatile,32.11,190.95,211.05,184.92,217.08,False
JIOFIN,256.8,9861960,48.61,73.95,18.32,2.77,0.0,30.41,Trending,Volatile,7.19,243.96,269.64,236.26,277.34,False
MOTHERSON,168.5,29875145,31.88,55.62,19.81,36.24,71.92,32.89,Trending,Stable,49.84,160.07,176.92,155.02,181.98,False
COALINDIA,415.25,6284552,11.92,55.62,18.19,76.17,71.91,30.2,Sideways,Stable,65.27,394.49,436.01,382.03,448.47,True
PFC,420.0,27986683,31.4,85.19,26.69,37.19,0.0,44.31,Trending,Volatile,23.74,399.0,441.0,386.4,453.6,False
PWL,131.59,2772174,15.7,58.0,50.41,68.61,59.98,83.68,Sideways,Stable,68.17,125.01,138.17,121.06,142.12,True
TATAPOWER,380.55,5099549,56.31,64.4,21.47,0.0,28.0,35.65,Trending,Volatile,18.33,361.52,399.58,350.11,410.99,False
GOLDBEES,123.4,30250470,17.18,41.18,22.14,65.64,55.91,36.75,Sideways,Stable,55.97,117.23,129.57,113.53,133.27,True
ANGELONE,292.0,4076186,8.57,48.65,32.05,82.86,93.23,53.2,Sideways,Stable,81.08,277.4,306.6,268.64,315.36,True
SHANTIGOLD,224.01,693394,23.75,34.52,68.67,52.49,22.61,100.0,Sideways,Volatile,50.04,212.81,235.21,206.09,241.93,False
ONGC,238.85,10611162,37.16,58.93,12.1,25.67,55.33,20.09,Trending,Stable,36.42,226.91,250.79,219.74,257.96,False
LIQUIDCASE,115.38,21016818,100.0,0.0,0.22,0.0,0.0,0.37,Trending,Volatile,0.07,109.61,121.15,106.15,124.61,False
BPCL,321.0,3056257,14.23,61.19,17.31,71.55,44.05,28.73,Sideways,Volatile,51.99,304.95,337.05,295.32,346.68,False
SWIGGY,280.75,10682607,22.24,57.33,22.45,55.52,63.36,37.27,Sideways,Stable,55.0,266.71,294.79,258.29,303.21,True
TMPV,347.0,5233700,47.91,75.16,23.83,4.18,0.0,39.56,Trending,Volatile,9.58,329.65,364.35,319.24,374.76,False
ARFIN,88.03,1586313,17.03,50.88,41.03,65.94,95.6,68.12,Sideways,Stable,78.24,83.63,92.43,80.99,95.07,True
JUBLFOOD,486.5,3352572,35.53,48.08,25.66,28.93,90.42,42.6,Trending,Stable,56.26,462.17,510.83,447.58,525.42,False
NMDC,84.92,21296974,47.39,55.55,23.73,5.22,72.23,39.38,Trending,Stable,38.86,80.67,89.17,78.13,91.71,False
VBL,442.0,2484821,33.33,57.88,27.26,33.35,60.62,45.25,Trending,Stable,46.64,419.9,464.1,406.64,477.36,False
TMCV,453.1,5718957,25.74,45.99,27.39,48.51,79.96,45.47,Trending,Stable,60.49,430.44,475.76,416.85,489.35,False
CANBK,131.95,21940289,36.59,64.48,14.57,26.82,27.62,24.19,Trending,Volatile,26.61,125.35,138.55,121.39,142.51,False
HINDCOPPER,536.1,12427899,25.73,50.9,50.1,48.54,95.52,83.16,Trending,Stable,74.26,509.3,562.91,493.21,578.99,False
VMM,108.72,3549017,20.36,55.81,44.09,59.29,70.93,73.19,Sideways,Stable,66.72,103.28,114.16,100.02,117.42,True
INDIANB,889.5,2609542,24.06,57.7,17.89,51.87,61.51,29.7,Sideways,Stable,51.29,845.02,933.98,818.34,960.66,True
ABCAPITAL,408.05,2113855,14.19,56.7,22.37,71.62,66.5,37.13,Sideways,Stable,62.67,387.65,428.45,375.41,440.69,True
INDHOTEL,731.0,1905316,15.74,54.04,23.22,68.51,79.81,38.54,Sideways,Stable,67.04,694.45,767.55,672.52,789.48,True
JSWINFRA,335.75,4403432,15.46,46.15,18.85,69.07,80.77,31.29,Sideways,Stable,66.2,318.96,352.54,308.89,362.61,True
NATIONALUM,381.0,5292453,44.96,50.94,48.97,10.09,95.31,81.3,Trending,Stable,58.42,361.95,400.05,350.52,411.48,False
IOC,143.38,4186115,24.88,67.25,16.63,50.25,13.77,27.6,Sideways,Volatile,31.13,136.21,150.55,131.91,154.85,False
BBOX,744.45,162362,13.73,43.74,53.85,72.55,68.72,89.39,Sideways,Stable,74.38,707.23,781.67,684.89,804.01,True
LTF,308.0,2502682,35.06,50.36,30.12,29.89,98.22,49.99,Trending,Stable,61.24,292.6,323.4,283.36,332.64,False
UJJIVANSFB,70.11,6802649,25.57,53.99,31.1,48.85,80.06,51.62,Trending,Stable,61.89,66.6,73.62,64.5,75.72,False
JSLL,598.1,3722539,49.23,76.38,33.67,1.53,0.0,55.9,Trending,Volatile,11.79,568.2,628.0,550.25,645.95,False
NYKAA,332.0,7334757,12.61,49.46,25.2,74.77,97.3,41.83,Sideways,Stable,77.2,315.4,348.6,305.44,358.56,True
SONACOMS,818.05,2407579,11.14,54.23,23.87,77.73,78.85,39.62,Sideways,Stable,70.56,777.15,858.95,752.61,883.49,True
NAZARA,352.35,3596576,20.75,41.86,26.33,58.49,59.29,43.71,Sideways,Stable,55.86,334.73,369.97,324.16,380.54,True
INOXWIND,78.0,53109150,24.73,63.03,35.1,50.54,34.85,58.26,Sideways,Volatile,45.81,74.1,81.9,71.76,84.24,False
IDFCFIRSTB,84.62,12170856,27.24,49.95,21.23,45.51,99.75,35.24,Trending,Stable,65.15,80.39,88.85,77.85,91.39,False
AEQUS,248.31,4039631,18.34,46.12,34.68,63.33,80.59,57.57,Sideways,Stable,69.08,235.89,260.73,228.45,268.17,True
HDFCLIFE,540.0,4001242,11.36,49.51,19.3,77.28,97.54,32.03,Sideways,Stable,76.33,513.0,567.0,496.8,583.2,True
ALOKINDS,11.97,2088096,44.91,82.18,64.85,10.18,0.0,100.0,Trending,Volatile,24.07,11.37,12.57,11.01,12.93,False
RECLTD,367.0,12493406,45.48,78.19,22.71,9.04,0.0,37.7,Trending,Volatile,11.16,348.65,385.35,337.64,396.36,False
CGPOWER,879.0,1204997,8.58,47.4,28.69,82.84,86.99,47.62,Sideways,Stable,77.46,835.05,922.95,808.68,949.32,True
LLOYDSENGG,96.88,20278842,22.97,61.62,30.54,54.05,41.88,50.7,Sideways,Volatile,48.51,92.04,101.72,89.13,104.63,False
MVELECTRO,611.7,5245199,29.08,41.19,90.01,41.83,55.94,100.0,Trending,Stable,59.11,581.12,642.29,562.76,660.64,False
TFCILTD,117.48,20454753,38.35,27.17,36.45,23.29,0.0,60.52,Trending,Volatile,21.42,111.61,123.35,108.08,126.88,False
YESBANK,22.69,37889332,21.69,54.41,21.89,56.62,77.93,36.33,Sideways,Stable,61.08,21.56,23.82,20.87,24.51,True
FORTIS,955.15,2217206,36.34,67.0,23.47,27.31,14.98,38.96,Trending,Volatile,24.71,907.39,1002.91,878.74,1031.56,False
LICI,394.0,17941303,29.64,39.06,22.93,40.73,45.31,38.06,Trending,Volatile,42.03,374.3,413.7,362.48,425.52,False
TATATECH,872.8,4640066,64.27,67.25,30.35,0.0,13.74,50.39,Trending,Volatile,15.57,829.16,916.44,802.98,942.62,False
PFOCUS,287.6,335068,12.11,50.37,50.17,75.79,98.13,83.28,Sideways,Stable,86.22,273.22,301.98,264.59,310.61,True
GAIL,173.63,9148494,22.61,50.08,22.77,54.78,99.59,37.8,Sideways,Stable,69.31,164.95,182.31,159.74,187.52,True
REDINGTON,354.85,2226152,14.33,47.73,41.29,71.33,88.63,68.53,Sideways,Stable,77.69,337.11,372.59,326.46,383.24,True
UNIONBANK,183.6,8941327,16.8,50.19,19.68,66.39,99.03,32.67,Sideways,Stable,72.7,174.42,192.78,168.91,198.29,True
ANANTRAJ,615.9,2698569,12.08,50.18,29.47,75.84,99.11,48.92,Sideways,Stable,79.77,585.1,646.7,566.63,665.17,True
HINDZINC,603.0,5105932,17.43,57.73,39.05,65.14,61.35,64.82,Sideways,Stable,63.56,572.85,633.15,554.76,651.24,True
NIACL,177.11,1020248,20.94,44.06,64.79,58.11,70.31,100.0,Sideways,Stable,71.37,168.25,185.97,162.94,191.28,True
SBC,41.16,4993957,64.61,34.97,33.01,0.0,24.86,54.79,Trending,Volatile,20.9,39.1,43.22,37.87,44.45,False
PATANJALI,357.5,6705159,11.27,57.24,8.16,77.45,63.79,13.55,Sideways,Stable,59.21,339.62,375.38,328.9,386.1,True
GMBREW,908.35,23827,99.0,50.97,17.62,0.0,95.14,29.25,Trending,Stable,43.9,862.93,953.77,835.68,981.02,False
ZEEL,94.19,15355393,46.68,50.05,58.03,6.64,99.74,96.33,Trending,Stable,61.82,89.48,98.9,86.65,101.73,False
RATNAVEER,206.1,4225309,31.38,21.98,54.96,37.24,0.0,91.24,Trending,Volatile,33.15,195.8,216.4,189.61,222.59,False
ZENSARTECH,499.0,561072,45.84,66.04,22.51,8.32,19.78,37.37,Trending,Volatile,18.71,474.05,523.95,459.08,538.92,False
RVNL,233.38,2315754,42.33,72.09,20.0,15.33,0.0,33.2,Trending,Volatile,12.77,221.71,245.05,214.71,252.05,False
AARTIPHARM,685.85,3125635,99.0,26.92,40.73,0.0,0.0,67.62,Trending,Volatile,13.52,651.56,720.14,630.98,740.72,False
SCI,304.75,2731094,9.63,62.21,24.68,80.75,38.94,40.97,Sideways,Volatile,56.07,289.51,319.99,280.37,329.13,False
SHADOWFAX,241.24,3820280,38.1,37.37,39.4,23.8,36.87,65.41,Trending,Volatile,37.35,229.18,253.3,221.94,260.54,False
RBLBANK,389.8,1906856,22.89,46.62,23.55,54.21,83.1,39.1,Sideways,Stable,62.74,370.31,409.29,358.62,420.98,True
UPL,573.0,1964879,40.0,57.85,19.4,20.01,60.75,32.2,Trending,Stable,38.74,544.35,601.65,527.16,618.84,False
BALRAMCHIN,633.45,890042,17.07,44.02,80.86,65.86,70.08,100.0,Sideways,Stable,74.38,601.78,665.12,582.77,684.13,True
SAGILITY,43.67,15875055,14.39,49.88,23.74,71.21,99.42,39.41,Sideways,Stable,76.14,41.49,45.85,40.18,47.16,True
PGEL,630.65,2389841,35.97,72.57,20.97,28.06,0.0,34.81,Trending,Volatile,18.19,599.12,662.18,580.2,681.1,False
GOLDIETF,127.88,7824782,19.99,41.56,22.91,60.03,57.81,38.04,Sideways,Stable,54.74,121.49,134.27,117.65,138.11,True
SILVERIETF,229.95,3618139,17.97,48.68,30.55,64.06,93.39,50.71,Sideways,Stable,73.12,218.45,241.45,211.55,248.35,True
HBLENGINE,727.1,1947572,9.45,58.93,33.65,81.09,55.37,55.85,Sideways,Stable,65.76,690.74,763.46,668.93,785.27,True
SHREEJISPG,672.8,501788,46.69,51.19,51.93,6.61,94.03,86.2,Trending,Stable,57.5,639.16,706.44,618.98,726.62,False
PAISALO,68.68,11096647,34.0,39.7,40.03,32.0,48.49,66.45,Trending,Volatile,45.49,65.25,72.11,63.19,74.17,False
EMIL,165.83,101219512,16.2,31.22,32.19,67.6,6.08,53.43,Sideways,Volatile,40.16,157.54,174.12,152.56,179.1,False
VIYASH,277.0,1999611,21.9,55.43,46.62,56.2,72.84,77.38,Sideways,Stable,67.09,263.15,290.85,254.84,299.16,True
GRAPHITE,709.95,966513,11.21,41.35,28.01,77.58,56.75,46.5,Sideways,Stable,63.03,674.45,745.45,653.15,766.75,True
FCL,41.64,13354818,19.45,32.88,61.74,61.1,14.38,100.0,Sideways,Volatile,50.19,39.56,43.72,38.31,44.97,False
ASTERDM,869.7,1012707,42.32,75.58,26.58,15.35,0.0,44.13,Trending,Volatile,14.97,826.22,913.18,800.12,939.28,False
IIFL,611.75,1267266,16.66,44.42,38.53,66.68,72.11,63.96,Sideways,Stable,68.31,581.16,642.34,562.81,660.69,True
NIVABUPA,86.19,659385,31.97,68.28,15.43,36.05,8.59,25.61,Trending,Volatile,22.98,81.88,90.5,79.29,93.09,False
BSOFT,318.5,942612,41.5,68.1,28.44,17.01,9.52,47.22,Trending,Volatile,20.06,302.58,334.42,293.02,343.98,False
IOLCP,167.85,15141043,37.99,40.07,49.44,24.02,50.33,82.07,Trending,Stable,46.15,159.46,176.24,154.42,181.28,False
INDUSTOWER,386.0,9015128,11.3,54.78,28.9,77.4,76.12,47.97,Sideways,Stable,71.0,366.7,405.3,355.12,416.88,True
AEROFLEX,426.1,1188013,27.88,30.3,53.6,44.24,1.5,88.98,Trending,Volatile,36.09,404.8,447.4,392.01,460.19,False
AMBUJACEM,434.0,1756165,46.1,75.81,17.58,7.79,0.0,29.19,Trending,Volatile,8.96,412.3,455.7,399.28,468.72,False
MONQ50,144.28,15055,6.14,37.94,55.15,87.72,39.68,91.54,Sideways,Volatile,69.27,137.07,151.49,132.74,155.82,False
VOGL,34.91,258761421,40.02,42.45,45.98,19.96,62.27,76.33,Trending,Stable,48.16,33.16,36.66,32.12,37.7,False
HSCL,752.65,3188066,36.02,60.22,43.64,27.96,48.9,72.45,Trending,Volatile,45.24,715.02,790.28,692.44,812.86,False
DELHIVERY,473.3,14741730,37.77,65.9,23.23,24.47,20.48,38.56,Trending,Volatile,25.69,449.64,496.96,435.44,511.16,False
PETRONET,280.6,1090547,22.66,40.98,20.1,54.68,54.89,33.36,Sideways,Stable,50.5,266.57,294.63,258.15,303.05,True
MARINE,336.9,1867460,15.29,29.3,50.74,69.43,0.0,84.23,Sideways,Volatile,44.62,320.05,353.74,309.95,363.85,False
RAIN,222.88,12975482,10.94,59.96,42.81,78.12,50.22,71.07,Sideways,Stable,65.55,211.74,234.02,205.05,240.71,True
KTKBANK,310.0,1598287,15.23,42.13,31.66,69.55,60.63,52.55,Sideways,Stable,62.58,294.5,325.5,285.2,334.8,True
TATSILV,22.35,41173140,16.57,48.76,31.69,66.86,93.79,52.61,Sideways,Stable,74.78,21.23,23.47,20.56,24.14,True
MAHABANK,78.28,9208278,12.43,38.18,30.7,75.14,40.9,50.96,Sideways,Volatile,56.6,74.37,82.19,72.02,84.54,False
JSWENERGY,564.4,1950349,36.69,64.14,22.67,26.61,29.3,37.63,Trending,Volatile,29.89,536.18,592.62,519.25,609.55,False
NHPC,76.92,6092987,22.8,56.71,14.94,54.41,66.43,24.8,Sideways,Stable,53.3,73.07,80.77,70.77,83.07,True
EPL,224.72,301826,22.72,34.61,51.84,54.56,23.06,86.06,Sideways,Volatile,48.26,213.48,235.96,206.74,242.7,False
ROLEXRINGS,156.68,2002119,12.55,33.47,58.74,74.9,17.35,97.51,Sideways,Volatile,56.4,148.85,164.51,144.15,169.21,False
DELTACORP,63.33,679153,20.34,51.4,25.43,59.32,93.0,42.21,Sideways,Stable,69.37,60.16,66.5,58.26,68.4,True
BIOCON,426.35,2289723,44.25,69.75,18.24,11.49,1.24,30.27,Trending,Volatile,11.15,405.03,447.67,392.24,460.46,False
EDELWEISS,118.54,2415511,15.13,39.95,39.28,69.75,49.74,65.21,Sideways,Volatile,60.83,112.61,124.47,109.06,128.02,False
BANKINDIA,145.0,6552285,14.77,57.84,17.13,70.45,60.82,28.44,Sideways,Stable,58.2,137.75,152.25,133.4,156.6,True
MARKSANS,273.85,675800,16.87,31.25,59.1,66.26,6.26,98.1,Sideways,Volatile,48.63,260.16,287.54,251.94,295.76,False
V2RETAIL,219.44,935672,48.52,59.88,21.57,2.97,50.6,35.81,Trending,Stable,28.59,208.47,230.41,201.88,237.0,False
CELLO,373.15,978464,29.65,55.07,25.43,40.7,74.67,42.21,Trending,Stable,54.59,354.49,391.81,343.3,403.0,False
MAFANG,206.29,141756,25.73,30.83,24.28,48.55,4.17,40.3,Trending,Volatile,29.15,195.98,216.6,189.79,222.79,False
JAMNAAUTO,144.7,13646243,15.08,67.01,28.22,69.84,14.97,46.84,Sideways,Volatile,43.29,137.46,151.94,133.12,156.28,False
SIGNATURE,802.3,350490,39.1,56.4,22.57,21.8,68.02,37.47,Trending,Stable,43.42,762.18,842.42,738.12,866.48,False
IRFC,88.75,6241241,43.77,74.42,11.46,12.46,0.0,19.03,Trending,Volatile,8.79,84.31,93.19,81.65,95.85,False
M&MFIN,408.45,3517041,60.64,75.23,20.45,0.0,0.0,33.95,Trending,Volatile,6.79,388.03,428.87,375.77,441.13,False
SUNTV,486.65,136665,19.29,43.81,21.71,61.42,69.05,36.05,Sideways,Stable,59.4,462.32,510.98,447.72,525.58,True
CAMS,787.5,1528991,33.06,66.05,24.74,33.88,19.76,41.07,Trending,Volatile,29.67,748.12,826.88,724.5,850.5,False
SOUTHBANK,47.17,10928785,9.62,58.85,20.92,80.76,55.75,34.73,Sideways,Stable,61.55,44.81,49.53,43.4,50.94,True
KARURVYSYA,335.55,1562822,12.11,48.56,19.68,75.78,92.79,32.67,Sideways,Stable,73.96,318.77,352.33,308.71,362.39,True
EMMVEE,318.9,4055886,15.23,47.96,20.3,69.55,89.82,33.69,Sideways,Stable,70.49,302.96,334.84,293.39,344.41,True
TEJASNET,513.45,965762,24.25,46.54,48.04,51.5,82.72,79.75,Sideways,Stable,69.64,487.78,539.12,472.37,554.53,True
ICICIPRULI,501.05,987482,22.21,54.16,28.58,55.57,79.18,47.45,Sideways,Stable,63.39,476.0,526.1,460.97,541.13,True
KPITTECH,629.9,1469093,60.19,72.09,27.21,0.0,0.0,45.18,Trending,Volatile,9.04,598.4,661.4,579.51,680.29,False
LEMONTREE,111.01,5557136,17.84,59.28,14.65,64.31,53.6,24.31,Sideways,Stable,52.03,105.46,116.56,102.13,119.89,True
OPTIEMUS,562.1,132464,30.35,40.23,38.46,39.3,51.14,63.84,Trending,Stable,48.95,534.0,590.21,517.13,607.07,False
PARAGMILK,223.22,420432,33.99,39.51,51.71,32.02,47.54,85.83,Trending,Volatile,48.99,212.06,234.38,205.36,241.08,False
SAMMAANCAP,163.17,3901979,45.46,69.84,32.99,9.08,0.8,54.76,Trending,Volatile,14.9,155.01,171.33,150.12,176.22,False
CONCOR,505.2,2519164,38.28,50.82,30.84,23.44,95.88,51.19,Trending,Stable,57.97,479.94,530.46,464.78,545.62,False
JPPOWER,17.94,34434687,57.03,78.55,17.56,0.0,0.0,29.15,Trending,Volatile,5.83,17.04,18.84,16.5,19.38,False
IREDA,119.8,6043852,40.27,64.53,21.8,19.45,27.35,36.18,Trending,Volatile,25.96,113.81,125.79,110.22,129.38,False
EBGNG,525.65,1154876,25.27,36.06,60.03,49.46,30.31,99.65,Trending,Volatile,51.84,499.37,551.93,483.6,567.7,False
CYIENTDLM,685.55,965338,99.0,32.55,44.43,0.0,12.75,73.76,Trending,Volatile,19.85,651.27,719.83,630.71,740.39,False
ABDL,599.25,461700,14.59,42.52,32.03,70.81,62.59,53.16,Sideways,Stable,63.99,569.29,629.21,551.31,647.19,True
NTPCGREEN,91.5,2303600,23.35,54.13,10.75,53.31,79.35,17.84,Sideways,Stable,56.63,86.92,96.08,84.18,98.82,True
EXIDEIND,490.0,3227925,55.6,75.47,17.89,0.0,0.0,29.69,Trending,Volatile,5.94,465.5,514.5,450.8,529.2,False
GRANULES,873.85,759536,13.47,55.09,19.64,73.07,74.56,32.61,Sideways,Stable,65.57,830.16,917.54,803.94,943.76,True
MANAPPURAM,366.75,2874627,22.9,65.9,31.92,54.2,20.48,52.99,Sideways,Volatile,40.47,348.41,385.09,337.41,396.09,False
TATACAP,370.3,1510579,35.98,62.38,16.9,28.04,38.09,28.06,Trending,Volatile,32.06,351.78,388.82,340.68,399.92,False
URBANCO,143.74,3170418,25.04,44.96,42.02,49.93,74.79,69.76,Trending,Stable,63.84,136.55,150.93,132.24,155.24,False
AHCL,14.55,3748377,21.55,32.41,34.98,56.9,12.06,58.06,Sideways,Volatile,39.2,13.82,15.28,13.39,15.71,False
GUJENERGY,265.3,571147,34.1,53.86,31.59,31.8,80.72,52.44,Trending,Stable,55.5,252.04,278.56,244.08,286.52,False
NEWGEN,551.0,1426876,76.48,62.18,44.24,0.0,39.08,73.43,Trending,Volatile,30.32,523.45,578.55,506.92,595.08,False
WELSPUNLIV,164.09,1392867,30.45,27.58,35.13,39.11,0.0,58.31,Trending,Volatile,27.3,155.89,172.29,150.96,177.22,False
ARVIND,560.55,672363,20.8,53.97,37.8,58.41,80.15,62.75,Sideways,Stable,67.97,532.52,588.58,515.71,605.39,True
CUB,212.0,2880002,15.32,42.48,34.64,69.36,62.41,57.5,Sideways,Stable,64.21,201.4,222.6,195.04,228.96,True
SSWL,308.5,1051453,33.16,37.63,63.26,33.67,38.14,100.0,Trending,Volatile,48.73,293.08,323.92,283.82,333.18,False
HUDCO,201.04,1555950,53.9,81.55,16.63,0.0,0.0,27.61,Trending,Volatile,5.52,190.99,211.09,184.96,217.12,False
SHIPROCKET,97.0,224002350,35.85,27.47,53.52,28.31,0.0,88.85,Trending,Volatile,29.09,92.15,101.85,89.24,104.76,False
VISL,35.21,19772447,38.13,46.91,47.86,23.74,84.56,79.45,Trending,Stable,59.21,33.45,36.97,32.39,38.03,False
JSL,734.65,191977,14.61,52.79,22.84,70.77,86.03,37.91,Sideways,Stable,70.31,697.92,771.38,675.88,793.42,True
HDFCSILVER,220.43,3694321,14.82,48.99,31.79,70.36,94.94,52.77,Sideways,Stable,76.67,209.41,231.45,202.8,238.06,True
SBICARD,659.0,2257835,33.59,59.62,32.21,32.83,51.92,53.47,Trending,Stable,44.59,626.05,691.95,606.28,711.72,False
SHUKRAPHAR,41.25,1113804,29.43,17.11,44.53,41.14,0.0,73.92,Trending,Volatile,31.24,39.19,43.31,37.95,44.55,False
CASTROLIND,192.08,6485229,21.62,57.18,16.59,56.75,64.11,27.54,Sideways,Stable,53.85,182.48,201.68,176.71,207.45,True
MANIPALHOS,677.95,2502936,16.26,38.89,39.14,67.49,44.47,64.97,Sideways,Volatile,57.78,644.05,711.85,623.71,732.19,False
VIDYAWIRES,95.46,1576782,21.74,58.12,37.24,56.53,59.39,61.82,Sideways,Stable,58.73,90.69,100.23,87.82,103.1,True
POONAWALLA,480.05,1283245,28.85,51.94,26.44,42.3,90.29,43.89,Trending,Stable,61.81,456.05,504.05,441.65,518.45,False
AVADHSUGAR,601.05,231853,26.37,24.52,59.5,47.26,0.0,98.77,Trending,Volatile,38.66,571.0,631.1,552.97,649.13,False
SAMBHV,116.89,1704873,18.36,35.89,40.76,63.28,29.46,67.66,Sideways,Volatile,50.63,111.05,122.73,107.54,126.24,False
BANKBEES,598.78,672955,22.06,60.39,6.91,55.89,48.06,11.46,Sideways,Volatile,43.87,568.84,628.72,550.88,646.68,False
BAJAJCON,537.45,276131,23.16,62.52,46.91,53.67,37.39,77.87,Sideways,Volatile,52.0,510.58,564.32,494.45,580.45,False
GMDCLTD,582.8,2799779,43.45,59.01,18.96,13.1,54.97,31.47,Trending,Stable,33.52,553.66,611.94,536.18,629.42,False
GNA,527.2,1054786,13.16,40.05,29.23,73.68,50.27,48.52,Sideways,Stable,59.28,500.84,553.56,485.02,569.38,True
RAYMONDREL,690.0,1801444,14.07,70.54,42.65,71.86,0.0,70.8,Sideways,Volatile,42.9,655.5,724.5,634.8,745.2,False
NIFTYIETF,278.25,427679,58.23,71.69,6.04,0.0,0.0,10.02,Trending,Volatile,2.0,264.34,292.16,255.99,300.51,False
JAYKAY,148.85,212765,33.01,36.16,73.75,33.98,30.79,100.0,Trending,Volatile,45.91,141.41,156.29,136.94,160.76,False
APTUS,260.65,958585,35.52,62.06,20.79,28.96,39.71,34.5,Trending,Volatile,34.37,247.62,273.68,239.8,281.5,False
RKFORGE,726.55,3366616,16.97,47.75,32.42,66.06,88.73,53.82,Sideways,Stable,72.68,690.22,762.88,668.43,784.67,True
ORIENTTECH,258.75,144029,63.66,64.04,21.04,0.0,29.79,34.92,Trending,Volatile,18.9,245.81,271.69,238.05,279.45,False
ACMESOLAR,368.6,564448,22.82,36.2,31.24,54.36,31.01,51.85,Sideways,Volatile,44.52,350.17,387.03,339.11,398.09,False
SBIFUNDS,571.75,1873654,30.39,65.89,17.83,39.23,20.57,29.59,Trending,Volatile,29.84,543.16,600.34,526.01,617.49,False
CROMPTON,249.95,3970755,32.78,67.03,22.45,34.44,14.87,37.27,Trending,Volatile,27.18,237.45,262.45,229.95,269.95,False
STLNETWORK,24.89,518673,48.42,28.83,45.28,3.15,0.0,75.17,Trending,Volatile,16.29,23.65,26.13,22.9,26.88,False
TATACHEM,673.55,334615,28.67,61.76,21.12,42.66,41.18,35.07,Trending,Volatile,40.55,639.87,707.23,619.67,727.43,False
GREAVESCOT,198.85,989927,12.42,52.03,24.7,75.16,89.85,41.0,Sideways,Stable,74.2,188.91,208.79,182.94,214.76,True
TECHNOCRAF,212.0,28679235,52.98,12.14,43.67,0.0,0.0,72.5,Trending,Volatile,14.5,201.4,222.6,195.04,228.96,False
MARICO,862.0,1304962,24.32,62.3,16.67,51.35,38.52,27.67,Sideways,Volatile,41.48,818.9,905.1,793.04,930.96,False
THYROCARE,603.25,342045,40.49,52.23,41.26,19.03,88.86,68.5,Trending,Stable,56.85,573.09,633.41,554.99,651.51,False
KEC,478.85,598668,49.86,78.96,27.1,0.28,0.0,44.98,Trending,Volatile,9.11,454.91,502.79,440.54,517.16,False
NCC,145.59,2542734,48.09,56.3,34.06,3.81,68.5,56.53,Trending,Stable,40.23,138.31,152.87,133.94,157.24,False
CMPDI,250.14,1040208,32.24,66.1,36.13,35.52,19.5,59.97,Trending,Volatile,34.01,237.63,262.65,230.13,270.15,False
ABLBL,93.86,1257974,75.61,79.7,23.36,0.0,0.0,38.78,Trending,Volatile,7.76,89.17,98.55,86.35,101.37,False
TI,490.75,1382701,17.46,29.51,31.39,65.08,0.0,52.1,Sideways,Volatile,36.45,466.21,515.29,451.49,530.01,False
RHETAN,33.36,11432474,21.22,75.72,142.42,57.57,0.0,100.0,Sideways,Volatile,43.03,31.69,35.03,30.69,36.03,False
SHAREINDIA,168.44,289009,8.98,36.52,23.9,82.05,32.62,39.68,Sideways,Volatile,53.8,160.02,176.86,154.96,181.92,False
BLEL,285.0,37618013,14.29,24.58,49.98,71.42,0.0,82.97,Sideways,Volatile,45.16,270.75,299.25,262.2,307.8,False
SKIPPER,517.85,859652,13.65,40.68,42.76,72.7,53.39,70.98,Sideways,Stable,64.63,491.96,543.74,476.42,559.28,True
TIMETECHNO,204.88,3367756,18.57,67.51,28.45,62.87,12.43,47.24,Sideways,Volatile,39.57,194.64,215.12,188.49,221.27,False
BELRISE,248.21,6590671,28.99,56.44,35.26,42.02,67.78,58.52,Trending,Stable,55.63,235.8,260.62,228.35,268.07,False
ATGL,657.55,480802,41.86,62.17,17.54,16.29,39.17,29.11,Trending,Volatile,28.0,624.67,690.43,604.95,710.15,False
PRICOLLTD,737.9,579652,32.35,43.52,35.74,35.3,67.62,59.33,Trending,Stable,53.03,701.0,774.8,678.87,796.93,False
JUNIORBEES,807.63,255645,27.25,65.65,6.51,45.5,21.76,10.81,Trending,Volatile,29.07,767.25,848.01,743.02,872.24,False
HDFCSML250,184.89,1363113,9.22,51.89,7.48,81.56,90.55,12.41,Sideways,Stable,71.33,175.65,194.13,170.1,199.68,True
TRANSRAILL,473.4,381107,20.74,57.51,20.23,58.52,62.47,33.58,Sideways,Stable,55.11,449.73,497.07,435.53,511.27,True
SMCGLOBAL,79.54,607405,11.56,33.33,20.42,76.87,16.66,33.89,Sideways,Volatile,44.19,75.56,83.52,73.18,85.9,False
BLUESTONE,814.5,2784807,16.17,46.03,41.15,67.66,80.15,68.31,Sideways,Stable,72.79,773.78,855.22,749.34,879.66,True
HCC,20.52,23846062,30.65,44.14,48.11,38.69,70.7,79.86,Trending,Stable,59.73,19.49,21.55,18.88,22.16,False
INDOKEM,619.15,2117,9.71,56.35,31.17,80.58,68.27,51.74,Sideways,Stable,69.89,588.19,650.11,569.62,668.68,True
TARIL,297.8,766913,30.67,51.36,29.09,38.66,93.19,48.3,Trending,Stable,62.4,282.91,312.69,273.98,321.62,False
MARSONS,103.97,1553131,21.89,34.44,60.72,56.21,22.2,100.0,Sideways,Volatile,51.37,98.77,109.17,95.65,112.29,False
DCBBANK,192.62,1263085,30.35,43.92,40.26,39.31,69.62,66.83,Trending,Stable,56.94,182.99,202.25,177.21,208.03,False
COHANCE,445.75,1368704,14.26,47.44,40.46,71.47,87.21,67.16,Sideways,Stable,76.91,423.46,468.04,410.09,481.41,True
PPLPHARMA,209.55,9027584,11.95,48.6,27.74,76.1,92.98,46.05,Sideways,Stable,76.84,199.07,220.03,192.79,226.31,True
IEX,127.1,1878966,65.42,77.55,10.61,0.0,0.0,17.61,Trending,Volatile,3.52,120.74,133.46,116.93,137.27,False
TEXRAIL,108.78,975377,9.67,49.39,28.92,80.66,96.93,48.0,Sideways,Stable,80.64,103.34,114.22,100.08,117.48,True
GPPL,151.63,645937,23.31,32.59,27.33,53.37,12.94,45.37,Sideways,Volatile,35.6,144.05,159.21,139.5,163.76,False
NBCC,95.33,3905923,45.92,77.96,19.13,8.16,0.0,31.76,Trending,Volatile,9.62,90.56,100.1,87.7,102.96,False
LATENTVIEW,297.2,319519,77.57,78.42,22.39,0.0,0.0,37.17,Trending,Volatile,7.43,282.34,312.06,273.42,320.98,False
IRCTC,519.95,1232260,51.28,78.04,14.15,0.0,0.0,23.49,Trending,Volatile,4.7,493.95,545.95,478.35,561.55,False
TATAGOLD,14.49,71429464,16.05,40.77,21.29,67.89,53.87,35.34,Sideways,Stable,55.77,13.77,15.21,13.33,15.65,True
SETFGOLD,127.36,9092965,16.18,41.27,21.95,67.64,56.34,36.44,Sideways,Stable,56.88,120.99,133.73,117.17,137.55,True
MID150BEES,241.58,809924,21.95,58.24,5.46,56.1,58.79,9.06,Sideways,Stable,47.77,229.5,253.66,222.25,260.91,True
PROTEAN,565.95,192355,15.85,52.35,27.32,68.31,88.25,45.36,Sideways,Stable,71.69,537.65,594.25,520.67,611.23,True
JTLIND,77.31,1748596,28.89,41.91,51.09,42.21,59.54,84.8,Trending,Stable,57.66,73.44,81.18,71.13,83.49,False
HDFCGOLD,127.45,3628918,18.68,40.66,21.24,62.64,53.3,35.26,Sideways,Stable,53.43,121.08,133.82,117.25,137.65,True
RPOWER,24.34,19181926,42.16,71.7,28.9,15.69,0.0,47.97,Trending,Volatile,15.87,23.12,25.56,22.39,26.29,False
MAHSEAMLES,589.7,371775,11.02,31.8,30.65,77.95,8.98,50.87,Sideways,Volatile,44.95,560.22,619.19,542.52,636.88,False
